Workbook

Sheet Dashboard
A1: CRM Sales Dashboard
A2: All numbers update automatically from the Data sheet. Add or change leads there.
A4: TOTAL LEADS | C4: OPEN DEALS | E4: DEALS WON | G4: WIN RATE (Won / Won + Lost)
A5: =COUNTA(Data!$A$2:$A$500) -> 60 | C5: =COUNTIFS(Data!$A$2:$A$500,"<>",Data!$G$2:$G$500,"<>Won",Data!$G$2:$G$500,"<>Lost") -> 42 | E5: =COUNTIF(Data!$G$2:$G$500,"Won") -> 12 | G5: =IF(COUNTIF(Data!$G$2:$G$500,"Won")+COUNTIF(Data!$G$2:$G$500,"Lost")=0,0,COUNTIF(Data!$G$2:$G$500,"Won")/(COUNTIF(Data!$G$2:$G$500,"Won")+COUNTIF(Data!$G$2:$G$500,"Lost"))) -> 0.66666667
A7: REVENUE WON (Rs) | C7: OPEN PIPELINE VALUE (Rs) | E7: AVERAGE WON DEAL (Rs) | G7: FOLLOW-UPS NEEDED
A8: =SUMIFS(Data!$H$2:$H$500,Data!$G$2:$G$500,"Won") -> 3370000 | C8: =SUMIFS(Data!$H$2:$H$500,Data!$G$2:$G$500,"<>Won",Data!$G$2:$G$500,"<>Lost") -> 10730000 | E8: =IFERROR(AVERAGEIFS(Data!$H$2:$H$500,Data!$G$2:$G$500,"Won"),0) -> 280833.33 | G8: =COUNTIF(Data!$K$2:$K$500,"Yes") -> 28
A11: Leads by Stage
A12: Stage | B12: Leads | C12: Deal Value (Rs)
A13: New | B13: =COUNTIF(Data!$G$2:$G$500,A13) -> 12 | C13: =SUMIFS(Data!$H$2:$H$500,Data!$G$2:$G$500,A13) -> 3355000
A14: Contacted | B14: =COUNTIF(Data!$G$2:$G$500,A14) -> 12 | C14: =SUMIFS(Data!$H$2:$H$500,Data!$G$2:$G$500,A14) -> 2315000
A15: Proposal Sent | B15: =COUNTIF(Data!$G$2:$G$500,A15) -> 10 | C15: =SUMIFS(Data!$H$2:$H$500,Data!$G$2:$G$500,A15) -> 2935000
A16: Negotiation | B16: =COUNTIF(Data!$G$2:$G$500,A16) -> 8 | C16: =SUMIFS(Data!$H$2:$H$500,Data!$G$2:$G$500,A16) -> 2125000
A17: Won | B17: =COUNTIF(Data!$G$2:$G$500,A17) -> 12 | C17: =SUMIFS(Data!$H$2:$H$500,Data!$G$2:$G$500,A17) -> 3370000
A18: Lost | B18: =COUNTIF(Data!$G$2:$G$500,A18) -> 6 | C18: =SUMIFS(Data!$H$2:$H$500,Data!$G$2:$G$500,A18) -> 1310000
A21: Leads by Source
A22: Source | B22: Leads | C22: Won | D22: Conversion %
A23: Website | B23: =COUNTIF(Data!$D$2:$D$500,A23) -> 7 | C23: =COUNTIFS(Data!$D$2:$D$500,A23,Data!$G$2:$G$500,"Won") -> 0 | D23: =IF(B23=0,0,C23/B23) -> 0
A24: Referral | B24: =COUNTIF(Data!$D$2:$D$500,A24) -> 12 | C24: =COUNTIFS(Data!$D$2:$D$500,A24,Data!$G$2:$G$500,"Won") -> 2 | D24: =IF(B24=0,0,C24/B24) -> 0.16666667
A25: LinkedIn | B25: =COUNTIF(Data!$D$2:$D$500,A25) -> 14 | C25: =COUNTIFS(Data!$D$2:$D$500,A25,Data!$G$2:$G$500,"Won") -> 3 | D25: =IF(B25=0,0,C25/B25) -> 0.21428571
A26: Email Campaign | B26: =COUNTIF(Data!$D$2:$D$500,A26) -> 19 | C26: =COUNTIFS(Data!$D$2:$D$500,A26,Data!$G$2:$G$500,"Won") -> 5 | D26: =IF(B26=0,0,C26/B26) -> 0.26315789
A27: Cold Call | B27: =COUNTIF(Data!$D$2:$D$500,A27) -> 8 | C27: =COUNTIFS(Data!$D$2:$D$500,A27,Data!$G$2:$G$500,"Won") -> 2 | D27: =IF(B27=0,0,C27/B27) -> 0.25
A30: Sales Rep Performance
A31: Sales Rep | B31: Leads | C31: Won | D31: Revenue Won (Rs)
A32: Aarav Mehta | B32: =COUNTIF(Data!$E$2:$E$500,A32) -> 18 | C32: =COUNTIFS(Data!$E$2:$E$500,A32,Data!$G$2:$G$500,"Won") -> 4 | D32: =SUMIFS(Data!$H$2:$H$500,Data!$E$2:$E$500,A32,Data!$G$2:$G$500,"Won") -> 840000
A33: Priya Nair | B33: =COUNTIF(Data!$E$2:$E$500,A33) -> 14 | C33: =COUNTIFS(Data!$E$2:$E$500,A33,Data!$G$2:$G$500,"Won") -> 4 | D33: =SUMIFS(Data!$H$2:$H$500,Data!$E$2:$E$500,A33,Data!$G$2:$G$500,"Won") -> 1110000
A34: Rohan Das | B34: =COUNTIF(Data!$E$2:$E$500,A34) -> 14 | C34: =COUNTIFS(Data!$E$2:$E$500,A34,Data!$G$2:$G$500,"Won") -> 3 | D34: =SUMIFS(Data!$H$2:$H$500,Data!$E$2:$E$500,A34,Data!$G$2:$G$500,"Won") -> 1190000
A35: Sneha Iyer | B35: =COUNTIF(Data!$E$2:$E$500,A35) -> 14 | C35: =COUNTIFS(Data!$E$2:$E$500,A35,Data!$G$2:$G$500,"Won") -> 1 | D35: =SUMIFS(Data!$H$2:$H$500,Data!$E$2:$E$500,A35,Data!$G$2:$G$500,"Won") -> 230000
A38: Revenue by Region
A39: Region | B39: Leads | C39: Revenue Won (Rs)
A40: North | B40: =COUNTIF(Data!$F$2:$F$500,A40) -> 18 | C40: =SUMIFS(Data!$H$2:$H$500,Data!$F$2:$F$500,A40,Data!$G$2:$G$500,"Won") -> 645000
A41: South | B41: =COUNTIF(Data!$F$2:$F$500,A41) -> 20 | C41: =SUMIFS(Data!$H$2:$H$500,Data!$F$2:$F$500,A41,Data!$G$2:$G$500,"Won") -> 1275000
A42: East | B42: =COUNTIF(Data!$F$2:$F$500,A42) -> 7 | C42: =SUMIFS(Data!$H$2:$H$500,Data!$F$2:$F$500,A42,Data!$G$2:$G$500,"Won") -> 345000
A43: West | B43: =COUNTIF(Data!$F$2:$F$500,A43) -> 15 | C43: =SUMIFS(Data!$H$2:$H$500,Data!$F$2:$F$500,A43,Data!$G$2:$G$500,"Won") -> 1105000
A45: New Leads by Month
A46: Month | B46: New Leads | C46: Month start (helper)
A47: Jun 2026 | B47: =COUNTIFS(Data!$I$2:$I$500,">="&C47,Data!$I$2:$I$500,"<"&EDATE(C47,1)) -> 17 | C47: 46174
A48: Jul 2026 | B48: =COUNTIFS(Data!$I$2:$I$500,">="&C48,Data!$I$2:$I$500,"<"&EDATE(C48,1)) -> 15 | C48: 46204
A49: Aug 2026 | B49: =COUNTIFS(Data!$I$2:$I$500,">="&C49,Data!$I$2:$I$500,"<"&EDATE(C49,1)) -> 9 | C49: 46235
A50: Sep 2026 | B50: =COUNTIFS(Data!$I$2:$I$500,">="&C50,Data!$I$2:$I$500,"<"&EDATE(C50,1)) -> 11 | C50: 46266
A51: Oct 2026 | B51: =COUNTIFS(Data!$I$2:$I$500,">="&C51,Data!$I$2:$I$500,"<"&EDATE(C51,1)) -> 8 | C51: 46296

Sheet Data
A1: Lead ID | B1: Customer | C1: Company | D1: Lead Source | E1: Sales Rep | F1: Region | G1: Stage | H1: Deal Value (Rs) | I1: Created Date | J1: Last Contact | K1: Follow-up Needed
A2: 1001 | B2: Ritu Singh | C2: Bright Motors | D2: Website | E2: Aarav Mehta | F2: West | G2: New | H2: 260000 | I2: 46175 | J2: 46213 | K2: =IF(OR(G2="Won",G2="Lost"),"No",IF(TODAY()-J2>14,"Yes","No")) -> Yes
A3: 1002 | B3: Meera Kumar | C3: Prime Foods | D3: Email Campaign | E3: Priya Nair | F3: South | G3: Won | H3: 315000 | I3: 46176 | J3: 46179 | K3: =IF(OR(G3="Won",G3="Lost"),"No",IF(TODAY()-J3>14,"Yes","No")) -> No
A4: 1003 | B4: Karthik Pillai | C4: Alpha Pharma | D4: LinkedIn | E4: Sneha Iyer | F4: North | G4: Won | H4: 230000 | I4: 46176 | J4: 46215 | K4: =IF(OR(G4="Won",G4="Lost"),"No",IF(TODAY()-J4>14,"Yes","No")) -> No
A5: 1004 | B5: Swati Kumar | C5: Bright Motors | D5: Email Campaign | E5: Priya Nair | F5: East | G5: Proposal Sent | H5: 70000 | I5: 46177 | J5: 46197 | K5: =IF(OR(G5="Won",G5="Lost"),"No",IF(TODAY()-J5>14,"Yes","No")) -> Yes
A6: 1005 | B6: Rahul Gupta | C6: Metro Pharma | D6: Email Campaign | E6: Aarav Mehta | F6: North | G6: Won | H6: 135000 | I6: 46179 | J6: 46192 | K6: =IF(OR(G6="Won",G6="Lost"),"No",IF(TODAY()-J6>14,"Yes","No")) -> No
A7: 1006 | B7: Swati Sharma | C7: Zen Logistics | D7: Referral | E7: Priya Nair | F7: North | G7: New | H7: 140000 | I7: 46179 | J7: 46181 | K7: =IF(OR(G7="Won",G7="Lost"),"No",IF(TODAY()-J7>14,"Yes","No")) -> Yes
A8: 1007 | B8: Arjun Bose | C8: Blue Traders | D8: Email Campaign | E8: Priya Nair | F8: South | G8: Won | H8: 425000 | I8: 46179 | J8: 46203 | K8: =IF(OR(G8="Won",G8="Lost"),"No",IF(TODAY()-J8>14,"Yes","No")) -> No
A9: 1008 | B9: Karthik Joshi | C9: Alpha Textiles | D9: Referral | E9: Aarav Mehta | F9: North | G9: Negotiation | H9: 170000 | I9: 46180 | J9: 46197 | K9: =IF(OR(G9="Won",G9="Lost"),"No",IF(TODAY()-J9>14,"Yes","No")) -> Yes
A10: 1009 | B10: Vikram Sharma | C10: Zen Education | D10: LinkedIn | E10: Rohan Das | F10: North | G10: Proposal Sent | H10: 385000 | I10: 46184 | J10: 46201 | K10: =IF(OR(G10="Won",G10="Lost"),"No",IF(TODAY()-J10>14,"Yes","No")) -> Yes
A11: 1010 | B11: Meera Nair | C11: Alpha Foods | D11: Email Campaign | E11: Sneha Iyer | F11: South | G11: Proposal Sent | H11: 120000 | I11: 46185 | J11: 46209 | K11: =IF(OR(G11="Won",G11="Lost"),"No",IF(TODAY()-J11>14,"Yes","No")) -> Yes
A12: 1011 | B12: Lakshmi Nair | C12: Bright Education | D12: Email Campaign | E12: Aarav Mehta | F12: North | G12: New | H12: 455000 | I12: 46189 | J12: 46197 | K12: =IF(OR(G12="Won",G12="Lost"),"No",IF(TODAY()-J12>14,"Yes","No")) -> Yes
A13: 1012 | B13: Suresh Pillai | C13: Prime Retail | D13: Email Campaign | E13: Priya Nair | F13: North | G13: Won | H13: 280000 | I13: 46191 | J13: 46208 | K13: =IF(OR(G13="Won",G13="Lost"),"No",IF(TODAY()-J13>14,"Yes","No")) -> No
... A61: 1060 | B61: Anita Kumar | C61: Zen Software | D61: Website | E61: Rohan Das | F61: South | G61: Contacted | H61: 100000 | I61: 46309 | J61: 46312 | K61: =IF(OR(G61="Won",G61="Lost"),"No",IF(TODAY()-J61>14,"Yes","No")) -> No
