Workbook

Sheet Tracker
A1: Monthly Habit Tracker
A2: Month: | B2: September 2026
A3: How to use: type 1 if you did the habit that day, 0 if you missed it. Leave a day blank if it has not happened yet. Yellow cells and the habit names are yours to edit.
A4: Note: the 1s and 0s below are sample data. Delete them and enter your own.
A5: Habit | B5: 1 | C5: 2 | D5: 3 | E5: 4 | F5: 5 | G5: 6 | H5: 7 | I5: 8 | J5: 9 | K5: 10 | L5: 11 | M5: 12 | N5: 13 | O5: 14 | P5: 15 | Q5: 16 | R5: 17 | S5: 18 | T5: 19 | U5: 20 | V5: 21 | W5: 22 | X5: 23 | Y5: 24 | Z5: 25 | AA5: 26 | AB5: 27 | AC5: 28 | AD5: 29 | AE5: 30 | AF5: Days Done | AG5: Days Tracked | AH5: Completion % | AI5: Status
A6: Drink 2L water | B6: 1 | C6: 1 | D6: 1 | E6: 0 | F6: 1 | G6: 0 | H6: 1 | I6: 1 | J6: 0 | K6: 1 | L6: 0 | M6: 1 | N6: 1 | O6: 1 | P6: 1 | Q6: 1 | R6: 1 | S6: 1 | T6: 1 | U6: 0 | V6: 1 | W6: 1 | X6: 1 | Y6: 1 | Z6: 1 | AA6: 1 | AB6: 1 | AC6: 0 | AD6: 1 | AE6: 1 | AF6: =SUM(B6:AE6) -> 24 | AG6: =COUNT(B6:AE6) -> 30 | AH6: =IF(AG6=0,0,AF6/AG6) -> 0.8 | AI6: =IF(AG6=0,"-",IF(AH6>=0.8,"Excellent",IF(AH6>=0.5,"Good","Needs work"))) -> Excellent
A7: Exercise 30 min | B7: 0 | C7: 0 | D7: 1 | E7: 0 | F7: 1 | G7: 0 | H7: 1 | I7: 0 | J7: 0 | K7: 0 | L7: 0 | M7: 1 | N7: 1 | O7: 1 | P7: 1 | Q7: 1 | R7: 1 | S7: 0 | T7: 1 | U7: 0 | V7: 1 | W7: 1 | X7: 0 | Y7: 1 | Z7: 1 | AA7: 1 | AB7: 0 | AC7: 1 | AD7: 0 | AE7: 1 | AF7: =SUM(B7:AE7) -> 17 | AG7: =COUNT(B7:AE7) -> 30 | AH7: =IF(AG7=0,0,AF7/AG7) -> 0.56666667 | AI7: =IF(AG7=0,"-",IF(AH7>=0.8,"Excellent",IF(AH7>=0.5,"Good","Needs work"))) -> Good
A8: Read 20 pages | B8: 0 | C8: 0 | D8: 1 | E8: 0 | F8: 1 | G8: 0 | H8: 1 | I8: 1 | J8: 1 | K8: 0 | L8: 1 | M8: 0 | N8: 0 | O8: 0 | P8: 1 | Q8: 1 | R8: 0 | S8: 0 | T8: 1 | U8: 0 | V8: 0 | W8: 0 | X8: 1 | Y8: 0 | Z8: 1 | AA8: 1 | AB8: 0 | AC8: 0 | AD8: 1 | AE8: 0 | AF8: =SUM(B8:AE8) -> 13 | AG8: =COUNT(B8:AE8) -> 30 | AH8: =IF(AG8=0,0,AF8/AG8) -> 0.43333333 | AI8: =IF(AG8=0,"-",IF(AH8>=0.8,"Excellent",IF(AH8>=0.5,"Good","Needs work"))) -> Needs work
A9: Meditate 10 min | B9: 0 | C9: 1 | D9: 1 | E9: 1 | F9: 1 | G9: 1 | H9: 0 | I9: 0 | J9: 1 | K9: 1 | L9: 0 | M9: 0 | N9: 0 | O9: 1 | P9: 0 | Q9: 0 | R9: 0 | S9: 0 | T9: 1 | U9: 0 | V9: 1 | W9: 0 | X9: 0 | Y9: 1 | Z9: 0 | AA9: 0 | AB9: 0 | AC9: 0 | AD9: 1 | AE9: 0 | AF9: =SUM(B9:AE9) -> 12 | AG9: =COUNT(B9:AE9) -> 30 | AH9: =IF(AG9=0,0,AF9/AG9) -> 0.4 | AI9: =IF(AG9=0,"-",IF(AH9>=0.8,"Excellent",IF(AH9>=0.5,"Good","Needs work"))) -> Needs work
A10: Sleep before 11 PM | B10: 1 | C10: 0 | D10: 1 | E10: 1 | F10: 0 | G10: 0 | H10: 0 | I10: 1 | J10: 1 | K10: 0 | L10: 1 | M10: 1 | N10: 1 | O10: 1 | P10: 1 | Q10: 0 | R10: 0 | S10: 0 | T10: 1 | U10: 1 | V10: 1 | W10: 1 | X10: 0 | Y10: 0 | Z10: 1 | AA10: 0 | AB10: 0 | AC10: 0 | AD10: 0 | AE10: 0 | AF10: =SUM(B10:AE10) -> 15 | AG10: =COUNT(B10:AE10) -> 30 | AH10: =IF(AG10=0,0,AF10/AG10) -> 0.5 | AI10: =IF(AG10=0,"-",IF(AH10>=0.8,"Excellent",IF(AH10>=0.5,"Good","Needs work"))) -> Good
A11: Study / code 1 hour | B11: 1 | C11: 1 | D11: 1 | E11: 1 | F11: 1 | G11: 1 | H11: 1 | I11: 0 | J11: 1 | K11: 1 | L11: 1 | M11: 1 | N11: 1 | O11: 1 | P11: 1 | Q11: 0 | R11: 1 | S11: 1 | T11: 1 | U11: 1 | V11: 1 | W11: 0 | X11: 1 | Y11: 0 | Z11: 0 | AA11: 1 | AB11: 0 | AC11: 0 | AD11: 1 | AE11: 1 | AF11: =SUM(B11:AE11) -> 23 | AG11: =COUNT(B11:AE11) -> 30 | AH11: =IF(AG11=0,0,AF11/AG11) -> 0.76666667 | AI11: =IF(AG11=0,"-",IF(AH11>=0.8,"Excellent",IF(AH11>=0.5,"Good","Needs work"))) -> Good
A12: No junk food | B12: 1 | C12: 0 | D12: 0 | E12: 1 | F12: 0 | G12: 0 | H12: 0 | I12: 1 | J12: 0 | K12: 1 | L12: 0 | M12: 1 | N12: 1 | O12: 0 | P12: 1 | Q12: 0 | R12: 1 | S12: 1 | T12: 1 | U12: 0 | V12: 1 | W12: 0 | X12: 1 | Y12: 1 | Z12: 1 | AA12: 1 | AB12: 1 | AC12: 1 | AD12: 1 | AE12: 1 | AF12: =SUM(B12:AE12) -> 19 | AG12: =COUNT(B12:AE12) -> 30 | AH12: =IF(AG12=0,0,AF12/AG12) -> 0.63333333 | AI12: =IF(AG12=0,"-",IF(AH12>=0.8,"Excellent",IF(AH12>=0.5,"Good","Needs work"))) -> Good
A13: Walk 5000 steps | B13: 1 | C13: 1 | D13: 1 | E13: 1 | F13: 1 | G13: 1 | H13: 1 | I13: 0 | J13: 1 | K13: 1 | L13: 1 | M13: 1 | N13: 1 | O13: 0 | P13: 1 | Q13: 1 | R13: 1 | S13: 1 | T13: 1 | U13: 1 | V13: 1 | W13: 0 | X13: 0 | Y13: 1 | Z13: 0 | AA13: 1 | AB13: 1 | AC13: 1 | AD13: 1 | AE13: 1 | AF13: =SUM(B13:AE13) -> 25 | AG13: =COUNT(B13:AE13) -> 30 | AH13: =IF(AG13=0,0,AF13/AG13) -> 0.83333333 | AI13: =IF(AG13=0,"-",IF(AH13>=0.8,"Excellent",IF(AH13>=0.5,"Good","Needs work"))) -> Excellent
A14: Habits done today | B14: =SUM(B6:B13) -> 5 | C14: =SUM(C6:C13) -> 4 | D14: =SUM(D6:D13) -> 7 | E14: =SUM(E6:E13) -> 5 | F14: =SUM(F6:F13) -> 6 | G14: =SUM(G6:G13) -> 3 | H14: =SUM(H6:H13) -> 5 | I14: =SUM(I6:I13) -> 4 | ... AE14: =SUM(AE6:AE13) -> 5
A15: Daily completion % | B15: =IF(COUNT(B6:B13)=0,0,B14/COUNT(B6:B13)) -> 0.625 | C15: =IF(COUNT(C6:C13)=0,0,C14/COUNT(C6:C13)) -> 0.5 | D15: =IF(COUNT(D6:D13)=0,0,D14/COUNT(D6:D13)) -> 0.875 | E15: =IF(COUNT(E6:E13)=0,0,E14/COUNT(E6:E13)) -> 0.625 | F15: =IF(COUNT(F6:F13)=0,0,F14/COUNT(F6:F13)) -> 0.75 | G15: =IF(COUNT(G6:G13)=0,0,G14/COUNT(G6:G13)) -> 0.375 | H15: =IF(COUNT(H6:H13)=0,0,H14/COUNT(H6:H13)) -> 0.625 | I15: =IF(COUNT(I6:I13)=0,0,I14/COUNT(I6:I13)) -> 0.5 | ... AE15: =IF(COUNT(AE6:AE13)=0,0,AE14/COUNT(AE6:AE13)) -> 0.625

Sheet Summary
A1: Habit Summary
A2: ="Month: "&Tracker!B2 -> Month: September 2026
A4: Measure | B4: Value
A5: Number of habits | B5: =COUNTA(Tracker!$A$6:$A$13) -> 8
A6: Overall completion % | B6: =IF(SUM(Tracker!AG6:AG13)=0,0,SUM(Tracker!AF6:AF13)/SUM(Tracker!AG6:AG13)) -> 0.61666667
A7: Best habit | B7: {=INDEX(Tracker!$A$6:$A$13,MATCH(MAX(Tracker!$AH$6:$AH$13),Tracker!$AH$6:$AH$13,0))} -> Walk 5000 steps
A8: Best habit completion % | B8: =MAX(Tracker!$AH$6:$AH$13) -> 0.83333333
A9: Weakest habit | B9: {=INDEX(Tracker!$A$6:$A$13,MATCH(MIN(Tracker!$AH$6:$AH$13),Tracker!$AH$6:$AH$13,0))} -> Meditate 10 min
A10: Weakest habit completion % | B10: =MIN(Tracker!$AH$6:$AH$13) -> 0.4
A11: Best day (day number) | B11: {=INDEX(Tracker!$B$5:$AE$5,MATCH(MAX(Tracker!$B$14:$AE$14),Tracker!$B$14:$AE$14,0))} -> 19
A12: Perfect days (all habits done) | B12: =COUNTIF(Tracker!$B$14:$AE$14,COUNTA(Tracker!$A$6:$A$13)) -> 1
